{"v":"5.1.20","fr":25,"ip":0,"op":201,"w":400,"h":400,"nm":"doh_no-no","ddd":0,"assets":[],"layers":[{"ddd":0,"ind":1,"ty":4,"nm":"Background 6","td":1,"sr":1,"ks":{"o":{"a":0,"k":100,"ix":11},"r":{"a":0,"k":0,"ix":10},"p":{"a":0,"k":[199.944,199.912,0],"ix":2},"a":{"a":0,"k":[199.944,199.912,0],"ix":1},"s":{"a":0,"k":[90,90,100],"ix":6}},"ao":0,"shapes":[{"ty":"gr","it":[{"ind":0,"ty":"sh","ix":1,"ks":{"a":0,"k":{"i":[[0,-93.634],[93.634,0],[0,93.633],[-93.634,0]],"o":[[0,93.633],[-93.634,0],[0,-93.634],[93.634,0]],"v":[[169.539,0],[0,169.539],[-169.539,0],[0,-169.539]],"c":true},"ix":2},"nm":"Path 1","mn":"ADBE Vector Shape - Group","hd":false},{"ty":"fl","c":{"a":0,"k":[0.929000016755,0.929000016755,0.929000016755,1],"ix":4},"o":{"a":0,"k":100,"ix":5},"r":1,"nm":"Fill 1","mn":"ADBE Vector Graphic - Fill","hd":false},{"ty":"tr","p":{"a":0,"k":[199.944,199.912],"ix":2},"a":{"a":0,"k":[0,0],"ix":1},"s":{"a":0,"k":[100,100],"ix":3},"r":{"a":0,"k":0,"ix":6},"o":{"a":0,"k":100,"ix":7},"sk":{"a":0,"k":0,"ix":4},"sa":{"a":0,"k":0,"ix":5},"nm":"Transform"}],"nm":"Group 1","np":2,"cix":2,"ix":1,"mn":"ADBE Vector Group","hd":false}],"ip":0,"op":375,"st":0,"bm":0},{"ddd":0,"ind":2,"ty":1,"nm":"background","tt":2,"sr":1,"ks":{"o":{"a":0,"k":100,"ix":11},"r":{"a":0,"k":0,"ix":10},"p":{"a":0,"k":[200,200,0],"ix":2},"a":{"a":0,"k":[200,200,0],"ix":1},"s":{"a":0,"k":[100,100,100],"ix":6}},"ao":0,"sw":400,"sh":400,"sc":"#ffffff","ip":0,"op":381,"st":0,"bm":0},{"ddd":0,"ind":3,"ty":4,"nm":"palm right","parent":4,"sr":1,"ks":{"o":{"a":0,"k":100,"ix":11},"r":{"a":0,"k":0,"ix":10},"p":{"a":0,"k":[27.106,21.145,0],"ix":2},"a":{"a":0,"k":[48.052,98.378,0],"ix":1},"s":{"a":0,"k":[-90,90,100],"ix":6}},"ao":0,"shapes":[{"ty":"gr","it":[{"ind":0,"ty":"sh","ix":1,"ks":{"a":0,"k":{"i":[[0,0],[0,0]],"o":[[0,0],[0,0]],"v":[[1.591,-9.331],[-1.439,8.762]],"c":false},"ix":2,"x":"var $bm_rt;\nvar p = 0.81;\nvar a = 50;\nvar s = 1.70158;\nfunction easeandwizz_outExpo(t, b, c, d) {\n    var OUT_EXPO_CORRECTION = 1.000976;\n    return t == d ? b + c : c * OUT_EXPO_CORRECTION * (-Math.pow(2, -10 * t / d) + 1) + b;\n}\nfunction easeAndWizz() {\n    var t, d, sX, eX;\n    var n = 0;\n    if (numKeys > 0) {\n        n = nearestKey(time).index;\n        if (key(n).time > time) {\n            n--;\n        }\n    }\n    if (n > 1 && n < numKeys - 1) {\n        return null;\n    }\n    try {\n        var key1 = key(n);\n        var key2 = key(sum(n, 1));\n    } catch (e) {\n        return null;\n    }\n    t = sub(time, key1.time);\n    d = sub(key2.time, key1.time);\n    sX = key1.time;\n    eX = sub(key2.time, key1.time);\n    if (time < key1.time || time > key2.time) {\n        return null;\n    } else {\n        return valueAtTime(easeandwizz_outExpo(t, sX, eX, d));\n    }\n}\n$bm_rt = easeAndWizz() || value;"},"nm":"Path 1","mn":"ADBE Vector Shape - Group","hd":false},{"ty":"st","c":{"a":0,"k":[0.835370719433,0.707643389702,0.57282012701,1],"ix":3},"o":{"a":0,"k":100,"ix":4},"w":{"a":0,"k":6,"ix":5},"lc":2,"lj":2,"nm":"Stroke 1","mn":"ADBE Vector Graphic - Stroke","hd":false},{"ty":"tr","p":{"a":0,"k":[24.36,49.81],"ix":2},"a":{"a":0,"k":[0,0],"ix":1},"s":{"a":0,"k":[100,100],"ix":3},"r":{"a":0,"k":0,"ix":6},"o":{"a":0,"k":100,"ix":7},"sk":{"a":0,"k":0,"ix":4},"sa":{"a":0,"k":0,"ix":5},"nm":"Transform"}],"nm":"Group 3","np":2,"cix":2,"ix":1,"mn":"ADBE Vector Group","hd":false},{"ty":"gr","it":[{"ind":0,"ty":"sh","ix":1,"ks":{"a":0,"k":{"i":[[1.381,24.046],[5.873,7.59],[2.448,1.784],[2.179,0.784],[0.934,0.201],[0.48,0.068],[3.294,0.386],[1.153,-0.276],[0.408,-0.125],[0.398,-0.149],[2.154,-1.828],[2.086,-9.999],[2.507,-2.507],[-5.439,-10.422],[-26.413,0]],"o":[[-0.699,-12.175],[-2.05,-2.649],[-1.988,-1.45],[-0.909,-0.327],[-0.474,-0.102],[-0.465,-0.066],[0.416,0.123],[-0.415,0.099],[-0.406,0.125],[-2.494,0.936],[-6.043,5.131],[-3.909,0.235],[-5.715,5.715],[2.379,4.56],[26.413,0]],"v":[[35.791,-1.065],[25.226,-31.644],[18.449,-38.334],[14.548,-40.665],[8.647,-6.611],[13.697,-40.919],[5.998,-42.793],[0.463,-42.4],[-6.094,-7.396],[-0.014,-42.143],[-8.97,-37.47],[-21.632,-13.979],[-31.457,-9.929],[-31.29,16.577],[4.214,43.85]],"c":true},"ix":2,"x":"var $bm_rt;\nvar p = 0.81;\nvar a = 50;\nvar s = 1.70158;\nfunction easeandwizz_outExpo(t, b, c, d) {\n    var OUT_EXPO_CORRECTION = 1.000976;\n    return t == d ? b + c : c * OUT_EXPO_CORRECTION * (-Math.pow(2, -10 * t / d) + 1) + b;\n}\nfunction easeAndWizz() {\n    var t, d, sX, eX;\n    var n = 0;\n    if (numKeys > 0) {\n        n = nearestKey(time).index;\n        if (key(n).time > time) {\n            n--;\n        }\n    }\n    if (n > 1 && n < numKeys - 1) {\n        return null;\n    }\n    try {\n        var key1 = key(n);\n        var key2 = key(sum(n, 1));\n    } catch (e) {\n        return null;\n    }\n    t = sub(time, key1.time);\n    d = sub(key2.time, key1.time);\n    sX = key1.time;\n    eX = sub(key2.time, key1.time);\n    if (time < key1.time || time > key2.time) {\n        return null;\n    } else {\n        return valueAtTime(easeandwizz_outExpo(t, sX, eX, d));\n    }\n}\n$bm_rt = easeAndWizz() || value;"},"nm":"Path 1","mn":"ADBE Vector Shape - Group","hd":false},{"ty":"st","c":{"a":0,"k":[0.835294127464,0.705882370472,0.572549045086,1],"ix":3},"o":{"a":0,"k":100,"ix":4},"w":{"a":0,"k":6,"ix":5},"lc":1,"lj":2,"nm":"Stroke 1","mn":"ADBE Vector Graphic - Stroke","hd":false},{"ty":"fl","c":{"a":0,"k":[0.937254965305,0.796078503132,0.647058844566,1],"ix":4},"o":{"a":0,"k":100,"ix":5},"r":1,"nm":"Fill 1","mn":"ADBE Vector Graphic - Fill","hd":false},{"ty":"tr","p":{"a":0,"k":[47.849,54.528],"ix":2},"a":{"a":0,"k":[0,0],"ix":1},"s":{"a":0,"k":[100,100],"ix":3},"r":{"a":0,"k":0,"ix":6},"o":{"a":0,"k":100,"ix":7},"sk":{"a":0,"k":0,"ix":4},"sa":{"a":0,"k":0,"ix":5},"nm":"Transform"}],"nm":"Group 4","np":3,"cix":2,"ix":2,"mn":"ADBE Vector Group","hd":false}],"ip":0,"op":241,"st":0,"bm":0},{"ddd":0,"ind":4,"ty":4,"nm":"arm right","parent":6,"sr":1,"ks":{"o":{"a":0,"k":100,"ix":11},"r":{"a":0,"k":-30,"ix":10},"p":{"a":1,"k":[{"i":{"x":0.833,"y":0.833},"o":{"x":0.167,"y":0.167},"n":"0p833_0p833_0p167_0p167","t":30,"s":[224.56,295.583,0],"e":[140.06,152.083,0],"to":[-14.0833330154419,-23.9166660308838,0],"ti":[14.0833330154419,23.9166660308838,0]},{"i":{"x":0.833,"y":0.833},"o":{"x":0.167,"y":0.167},"n":"0p833_0p833_0p167_0p167","t":37,"s":[140.06,152.083,0],"e":[140.06,152.083,0],"to":[0,0,0],"ti":[0,0,0]},{"i":{"x":0.833,"y":0.833},"o":{"x":0.167,"y":0.167},"n":"0p833_0p833_0p167_0p167","t":68,"s":[140.06,152.083,0],"e":[224.56,295.583,0],"to":[14.0833330154419,23.9166660308838,0],"ti":[-14.0833330154419,-23.9166660308838,0]},{"t":91}],"ix":2,"x":"var $bm_rt;\nvar p = 0.81;\nvar a = 50;\nvar s = 1.70158;\nfunction easeandwizz_outExpo(t, b, c, d) {\n    var OUT_EXPO_CORRECTION = 1.000976;\n    return t == d ? b + c : c * OUT_EXPO_CORRECTION * (-Math.pow(2, -10 * t / d) + 1) + b;\n}\nfunction easeAndWizz() {\n    var t, d, sX, eX, sY, eY, sZ, eZ, val1, val2, val2, val3;\n    var n = 0;\n    if (numKeys > 0) {\n        n = nearestKey(time).index;\n        if (key(n).time > time) {\n            n--;\n        }\n    }\n    try {\n        var key1 = key(n);\n        var key2 = key(sum(n, 1));\n    } catch (e) {\n        return null;\n    }\n    var dim = 1;\n    try {\n        key(1)[1].length;\n        dim = 2;\n        key(1)[2].length;\n        dim = 3;\n    } catch (e) {\n    }\n    t = sub(time, key1.time);\n    d = sub(key2.time, key1.time);\n    sX = key1[0];\n    eX = sub(key2[0], key1[0]);\n    if (dim >= 2) {\n        sY = key1[1];\n        eY = sub(key2[1], key1[1]);\n        if (dim >= 3) {\n            sZ = key1[2];\n            eZ = sub(key2[2], key1[2]);\n        }\n    }\n    if (time < key1.time || time > key2.time) {\n        return value;\n    } else {\n        val1 = easeandwizz_outExpo(t, sX, eX, d, a, p, s);\n        switch (dim) {\n        case 1:\n            return val1;\n            break;\n        case 2:\n            val2 = easeandwizz_outExpo(t, sY, eY, d, a, p, s);\n            return [\n                val1,\n                val2\n            ];\n            break;\n        case 3:\n            val2 = easeandwizz_outExpo(t, sY, eY, d, a, p, s);\n            val3 = easeandwizz_outExpo(t, sZ, eZ, d, a, p, s);\n            return [\n                val1,\n                val2,\n                val3\n            ];\n            break;\n        default:\n            return null;\n        }\n    }\n}\n$bm_rt = easeAndWizz() || value;"},"a":{"a":0,"k":[20.182,129.809,0],"ix":1},"s":{"a":0,"k":[100,100,100],"ix":6}},"ao":0,"shapes":[{"ty":"gr","it":[{"ind":0,"ty":"sh","ix":1,"ks":{"a":0,"k":{"i":[[9.396,0],[0,0],[0,9.397],[0,0],[-9.397,0],[0,0],[0,-9.396],[0,0]],"o":[[0,0],[-9.397,0],[0,0],[0,-9.396],[0,0],[9.396,0],[0,0],[0,9.397]],"v":[[2.848,64.779],[-2.847,64.779],[-19.932,47.695],[-17.084,-47.694],[-2.847,-64.779],[2.848,-64.779],[17.085,-47.694],[19.932,47.695]],"c":true},"ix":2},"nm":"Path 1","mn":"ADBE Vector Shape - Group","hd":false},{"ty":"fl","c":{"a":0,"k":[0.510000011968,0.294000004787,0.081999999402,1],"ix":4},"o":{"a":0,"k":100,"ix":5},"r":1,"nm":"Fill 1","mn":"ADBE Vector Graphic - Fill","hd":false},{"ty":"tr","p":{"a":0,"k":[20.182,65.029],"ix":2},"a":{"a":0,"k":[0,0],"ix":1},"s":{"a":0,"k":[100,100],"ix":3},"r":{"a":0,"k":0,"ix":6},"o":{"a":0,"k":100,"ix":7},"sk":{"a":0,"k":0,"ix":4},"sa":{"a":0,"k":0,"ix":5},"nm":"Transform"}],"nm":"Group 1","np":2,"cix":2,"ix":1,"mn":"ADBE Vector Group","hd":false}],"ip":0,"op":375,"st":0,"bm":0},{"ddd":0,"ind":5,"ty":1,"nm":"MAIN 2","sr":1,"ks":{"o":{"a":0,"k":0,"ix":11},"r":{"a":0,"k":0,"ix":10},"p":{"a":1,"k":[{"i":{"x":0.833,"y":0.833},"o":{"x":0.167,"y":0.167},"n":"0p833_0p833_0p167_0p167","t":91,"s":[200.5,242,0],"e":[198,242,0],"to":[0,0,0],"ti":[0,0,0]},{"i":{"x":0.833,"y":0.833},"o":{"x":0.167,"y":0.167},"n":"0p833_0p833_0p167_0p167","t":99.857,"s":[198,242,0],"e":[203,242,0],"to":[0,0,0],"ti":[0,0,0]},{"i":{"x":0.833,"y":0.833},"o":{"x":0.167,"y":0.167},"n":"0p833_0p833_0p167_0p167","t":106.816,"s":[203,242,0],"e":[198,242,0],"to":[0,0,0],"ti":[0,0,0]},{"i":{"x":0.833,"y":0.833},"o":{"x":0.167,"y":0.167},"n":"0p833_0p833_0p167_0p167","t":114.408,"s":[198,242,0],"e":[203,242,0],"to":[0,0,0],"ti":[0,0,0]},{"i":{"x":0.833,"y":0.833},"o":{"x":0.167,"y":0.167},"n":"0p833_0p833_0p167_0p167","t":122,"s":[203,242,0],"e":[198,242,0],"to":[0,0,0],"ti":[0,0,0]},{"i":{"x":0.667,"y":1},"o":{"x":0.167,"y":0.167},"n":"0p667_1_0p167_0p167","t":131,"s":[198,242,0],"e":[200.5,242,0],"to":[0,0,0],"ti":[0,0,0]},{"t":142}],"ix":2},"a":{"a":0,"k":[25,25,0],"ix":1},"s":{"a":0,"k":[100,100,100],"ix":6}},"ao":0,"sw":50,"sh":50,"sc":"#ffffff","ip":0,"op":384,"st":0,"bm":0},{"ddd":0,"ind":6,"ty":1,"nm":"MAIN","parent":5,"sr":1,"ks":{"o":{"a":0,"k":0,"ix":11},"r":{"a":0,"k":0,"ix":10},"p":{"a":1,"k":[{"i":{"x":0.833,"y":0.833},"o":{"x":0.167,"y":0.167},"n":"0p833_0p833_0p167_0p167","t":30,"s":[25,25,0],"e":[25,31,0],"to":[0,0,0],"ti":[0,0,0]},{"i":{"x":0.833,"y":0.833},"o":{"x":0.167,"y":0.167},"n":"0p833_0p833_0p167_0p167","t":37,"s":[25,31,0],"e":[25,31,0],"to":[0,0,0],"ti":[0,0,0]},{"i":{"x":0.833,"y":0.833},"o":{"x":0.167,"y":0.167},"n":"0p833_0p833_0p167_0p167","t":68,"s":[25,31,0],"e":[25,25,0],"to":[0,0,0],"ti":[0,0,0]},{"t":91}],"ix":2,"x":"var $bm_rt;\nvar p = 0.81;\nvar a = 50;\nvar s = 1.70158;\nfunction easeandwizz_outExpo(t, b, c, d) {\n    var OUT_EXPO_CORRECTION = 1.000976;\n    return t == d ? b + c : c * OUT_EXPO_CORRECTION * (-Math.pow(2, -10 * t / d) + 1) + b;\n}\nfunction easeAndWizz() {\n    var t, d, sX, eX, sY, eY, sZ, eZ, val1, val2, val2, val3;\n    var n = 0;\n    if (numKeys > 0) {\n        n = nearestKey(time).index;\n        if (key(n).time > time) {\n            n--;\n        }\n    }\n    try {\n        var key1 = key(n);\n        var key2 = key(sum(n, 1));\n    } catch (e) {\n        return null;\n    }\n    var dim = 1;\n    try {\n        key(1)[1].length;\n        dim = 2;\n        key(1)[2].length;\n        dim = 3;\n    } catch (e) {\n    }\n    t = sub(time, key1.time);\n    d = sub(key2.time, key1.time);\n    sX = key1[0];\n    eX = sub(key2[0], key1[0]);\n    if (dim >= 2) {\n        sY = key1[1];\n        eY = sub(key2[1], key1[1]);\n        if (dim >= 3) {\n            sZ = key1[2];\n            eZ = sub(key2[2], key1[2]);\n        }\n    }\n    if (time < key1.time || time > key2.time) {\n        return value;\n    } else {\n        val1 = easeandwizz_outExpo(t, sX, eX, d, a, p, s);\n        switch (dim) {\n        case 1:\n            return val1;\n            break;\n        case 2:\n            val2 = easeandwizz_outExpo(t, sY, eY, d, a, p, s);\n            return [\n                val1,\n                val2\n            ];\n            break;\n        case 3:\n            val2 = easeandwizz_outExpo(t, sY, eY, d, a, p, s);\n            val3 = easeandwizz_outExpo(t, sZ, eZ, d, a, p, s);\n            return [\n                val1,\n                val2,\n                val3\n            ];\n            break;\n        default:\n            return null;\n        }\n    }\n}\n$bm_rt = easeAndWizz() || value;"},"a":{"a":0,"k":[25,25,0],"ix":1},"s":{"a":0,"k":[100,100,100],"ix":6}},"ao":0,"sw":50,"sh":50,"sc":"#ffffff","ip":0,"op":384,"st":0,"bm":0},{"ddd":0,"ind":7,"ty":1,"nm":"eyes controller","parent":6,"sr":1,"ks":{"o":{"a":0,"k":0,"ix":11},"r":{"a":0,"k":0,"ix":10},"p":{"a":1,"k":[{"i":{"x":0.833,"y":0.833},"o":{"x":0.167,"y":0.167},"n":"0p833_0p833_0p167_0p167","t":30,"s":[25,-11.5,0],"e":[25,9.5,0],"to":[0,3.5,0],"ti":[0,-3.5,0]},{"i":{"x":0.833,"y":0.833},"o":{"x":0.167,"y":0.167},"n":"0p833_0p833_0p167_0p167","t":37,"s":[25,9.5,0],"e":[25,9.5,0],"to":[0,0,0],"ti":[0,0,0]},{"i":{"x":0.833,"y":0.833},"o":{"x":0.167,"y":0.167},"n":"0p833_0p833_0p167_0p167","t":68,"s":[25,9.5,0],"e":[25,-11.5,0],"to":[0,-3.5,0],"ti":[0,3.5,0]},{"t":72}],"ix":2,"x":"var $bm_rt;\nvar p = 0.81;\nvar a = 50;\nvar s = 1.70158;\nfunction easeandwizz_outExpo(t, b, c, d) {\n    var OUT_EXPO_CORRECTION = 1.000976;\n    return t == d ? b + c : c * OUT_EXPO_CORRECTION * (-Math.pow(2, -10 * t / d) + 1) + b;\n}\nfunction easeAndWizz() {\n    var t, d, sX, eX;\n    var n = 0;\n    if (numKeys > 0) {\n        n = nearestKey(time).index;\n        if (key(n).time > time) {\n            n--;\n        }\n    }\n    if (n > 1 && n < numKeys - 1) {\n        return null;\n    }\n    try {\n        var key1 = key(n);\n        var key2 = key(sum(n, 1));\n    } catch (e) {\n        return null;\n    }\n    t = sub(time, key1.time);\n    d = sub(key2.time, key1.time);\n    sX = key1.time;\n    eX = sub(key2.time, key1.time);\n    if (time < key1.time || time > key2.time) {\n        return null;\n    } else {\n        return valueAtTime(easeandwizz_outExpo(t, sX, eX, d));\n    }\n}\n$bm_rt = easeAndWizz() || value;"},"a":{"a":0,"k":[25,25,0],"ix":1},"s":{"a":1,"k":[{"i":{"x":[0.833,0.833,0.833],"y":[0.833,0.833,0.833]},"o":{"x":[0.167,0.167,0.167],"y":[0.167,0.167,0.167]},"n":["0p833_0p833_0p167_0p167","0p833_0p833_0p167_0p167","0p833_0p833_0p167_0p167"],"t":30,"s":[100,100,100],"e":[100,10,100]},{"i":{"x":[0.833,0.833,0.833],"y":[0.833,0.833,0.833]},"o":{"x":[0.167,0.167,0.167],"y":[0.167,0.167,0.167]},"n":["0p833_0p833_0p167_0p167","0p833_0p833_0p167_0p167","0p833_0p833_0p167_0p167"],"t":37,"s":[100,10,100],"e":[100,10,100]},{"i":{"x":[0.833,0.833,0.833],"y":[0.833,0.833,0.833]},"o":{"x":[0.167,0.167,0.167],"y":[0.167,0.167,0.167]},"n":["0p833_0p833_0p167_0p167","0p833_0p833_0p167_0p167","0p833_0p833_0p167_0p167"],"t":68,"s":[100,10,100],"e":[100,100,100]},{"i":{"x":[0.833,0.833,0.833],"y":[0.833,0.833,0.833]},"o":{"x":[0.167,0.167,0.167],"y":[0.167,0.167,0.167]},"n":["0p833_0p833_0p167_0p167","0p833_0p833_0p167_0p167","0p833_0p833_0p167_0p167"],"t":72,"s":[100,100,100],"e":[100,100,100]},{"i":{"x":[0.833,0.833,0.833],"y":[0.833,0.833,0.833]},"o":{"x":[0.167,0.167,0.167],"y":[0.167,0.167,0.167]},"n":["0p833_0p833_0p167_0p167","0p833_0p833_0p167_0p167","0p833_0p833_0p167_0p167"],"t":92,"s":[100,100,100],"e":[100,2,100]},{"i":{"x":[0.833,0.833,0.833],"y":[0.833,0.833,0.833]},"o":{"x":[0.167,0.167,0.167],"y":[0.167,0.167,0.167]},"n":["0p833_0p833_0p167_0p167","0p833_0p833_0p167_0p167","0p833_0p833_0p167_0p167"],"t":94,"s":[100,2,100],"e":[100,100,100]},{"i":{"x":[0.833,0.833,0.833],"y":[0.833,0.833,0.833]},"o":{"x":[0.167,0.167,0.167],"y":[0.167,0.167,0.167]},"n":["0p833_0p833_0p167_0p167","0p833_0p833_0p167_0p167","0p833_0p833_0p167_0p167"],"t":96,"s":[100,100,100],"e":[100,100,100]},{"i":{"x":[0.833,0.833,0.833],"y":[0.833,0.833,0.833]},"o":{"x":[0.167,0.167,0.167],"y":[0.167,0.167,0.167]},"n":["0p833_0p833_0p167_0p167","0p833_0p833_0p167_0p167","0p833_0p833_0p167_0p167"],"t":146,"s":[100,100,100],"e":[100,2,100]},{"i":{"x":[0.833,0.833,0.833],"y":[0.833,0.833,0.833]},"o":{"x":[0.167,0.167,0.167],"y":[0.167,0.167,0.167]},"n":["0p833_0p833_0p167_0p167","0p833_0p833_0p167_0p167","0p833_0p833_0p167_0p167"],"t":148,"s":[100,2,100],"e":[100,100,100]},{"t":150}],"ix":6,"x":"var $bm_rt;\nvar p = 0.81;\nvar a = 50;\nvar s = 1.70158;\nfunction easeandwizz_outExpo(t, b, c, d) {\n    var OUT_EXPO_CORRECTION = 1.000976;\n    return t == d ? b + c : c * OUT_EXPO_CORRECTION * (-Math.pow(2, -10 * t / d) + 1) + b;\n}\nfunction easeAndWizz() {\n    var t, d, sX, eX;\n    var n = 0;\n    if (numKeys > 0) {\n        n = nearestKey(time).index;\n        if (key(n).time > time) {\n            n--;\n        }\n    }\n    if (n > 1 && n < numKeys - 1) {\n        return null;\n    }\n    try {\n        var key1 = key(n);\n        var key2 = key(sum(n, 1));\n    } catch (e) {\n        return null;\n    }\n    t = sub(time, key1.time);\n    d = sub(key2.time, key1.time);\n    sX = key1.time;\n    eX = sub(key2.time, key1.time);\n    if (time < key1.time || time > key2.time) {\n        return null;\n    } else {\n        return valueAtTime(easeandwizz_outExpo(t, sX, eX, d));\n    }\n}\n$bm_rt = easeAndWizz() || value;"}},"ao":0,"sw":50,"sh":50,"sc":"#ffffff","ip":0,"op":384,"st":0,"bm":0},{"ddd":0,"ind":8,"ty":1,"nm":"glow controller","parent":7,"sr":1,"ks":{"o":{"a":0,"k":0,"ix":11},"r":{"a":0,"k":0,"ix":10},"p":{"a":1,"k":[{"i":{"x":0.833,"y":0.833},"o":{"x":0.167,"y":0.167},"n":"0p833_0p833_0p167_0p167","t":68,"s":[25,25,0],"e":[22.39,20.411,0],"to":[-0.43493124842644,-0.76483952999115,0],"ti":[-0.22376722097397,-0.52212351560593,0]},{"i":{"x":0.833,"y":0.833},"o":{"x":0.167,"y":0.167},"n":"0p833_0p833_0p167_0p167","t":72,"s":[22.39,20.411,0],"e":[22.39,20.411,0],"to":[0.38908371329308,0.90786200761795,0],"ti":[-0.22376722097397,-0.52212351560593,0]},{"i":{"x":0.833,"y":0.833},"o":{"x":0.167,"y":0.167},"n":"0p833_0p833_0p167_0p167","t":150,"s":[22.39,20.411,0],"e":[25,25,0],"to":[0.38908371329308,0.90786200761795,0],"ti":[-0.15871873497963,-0.37034371495247,0]},{"t":175}],"ix":2},"a":{"a":0,"k":[25,25,0],"ix":1},"s":{"a":1,"k":[{"i":{"x":[0.833,0.833,0.833],"y":[0.833,0.833,0.833]},"o":{"x":[0.167,0.167,0.167],"y":[0.167,0.167,0.167]},"n":["0p833_0p833_0p167_0p167","0p833_0p833_0p167_0p167","0p833_0p833_0p167_0p167"],"t":30,"s":[100,100,100],"e":[100,0,100]},{"i":{"x":[0.833,0.833,0.833],"y":[0.833,0.833,0.833]},"o":{"x":[0.167,0.167,0.167],"y":[0.167,0.167,0.167]},"n":["0p833_0p833_0p167_0p167","0p833_0p833_0p167_0p167","0p833_0p833_0p167_0p167"],"t":37,"s":[100,0,100],"e":[100,0,100]},{"i":{"x":[0.833,0.833,0.833],"y":[0.833,0.833,0.833]},"o":{"x":[0.167,0.167,0.167],"y":[0.167,0.167,0.167]},"n":["0p833_0p833_0p167_0p167","0p833_0p833_0p167_0p167","0p833_0p833_0p167_0p167"],"t":68,"s":[100,0,100],"e":[100,100,100]},{"t":70}],"ix":6}},"ao":0,"sw":50,"sh":50,"sc":"#ffffff","ip":0,"op":384,"st":0,"bm":0},{"ddd":0,"ind":9,"ty":1,"nm":"ears controller","parent":6,"sr":1,"ks":{"o":{"a":0,"k":0,"ix":11},"r":{"a":0,"k":0,"ix":10},"p":{"a":1,"k":[{"i":{"x":0.833,"y":0.833},"o":{"x":0.167,"y":0.167},"n":"0p833_0p833_0p167_0p167","t":30,"s":[25,-11.5,0],"e":[25,-25.5,0],"to":[0,0,0],"ti":[0,0,0]},{"i":{"x":0.833,"y":0.833},"o":{"x":0.167,"y":0.167},"n":"0p833_0p833_0p167_0p167","t":35,"s":[25,-25.5,0],"e":[25,-25.5,0],"to":[0,0,0],"ti":[0,0,0]},{"i":{"x":0.833,"y":0.833},"o":{"x":0.167,"y":0.167},"n":"0p833_0p833_0p167_0p167","t":40,"s":[25,-25.5,0],"e":[25,-0.5,0],"to":[0,0,0],"ti":[0,0,0]},{"i":{"x":0.833,"y":0.833},"o":{"x":0.167,"y":0.167},"n":"0p833_0p833_0p167_0p167","t":68,"s":[25,-0.5,0],"e":[25,-11.5,0],"to":[0,0,0],"ti":[0,0,0]},{"t":75}],"ix":2,"x":"var $bm_rt;\nvar p = 0.81;\nvar a = 50;\nvar s = 1.70158;\nfunction easeandwizz_outExpo(t, b, c, d) {\n    var OUT_EXPO_CORRECTION = 1.000976;\n    return t == d ? b + c : c * OUT_EXPO_CORRECTION * (-Math.pow(2, -10 * t / d) + 1) + b;\n}\nfunction easeAndWizz() {\n    var t, d, sX, eX, sY, eY, sZ, eZ, val1, val2, val2, val3;\n    var n = 0;\n    if (numKeys > 0) {\n        n = nearestKey(time).index;\n        if (key(n).time > time) {\n            n--;\n        }\n    }\n    try {\n        var key1 = key(n);\n        var key2 = key(sum(n, 1));\n    } catch (e) {\n        return null;\n    }\n    var dim = 1;\n    try {\n        key(1)[1].length;\n        dim = 2;\n        key(1)[2].length;\n        dim = 3;\n    } catch (e) {\n    }\n    t = sub(time, key1.time);\n    d = sub(key2.time, key1.time);\n    sX = key1[0];\n    eX = sub(key2[0], key1[0]);\n    if (dim >= 2) {\n        sY = key1[1];\n        eY = sub(key2[1], key1[1]);\n        if (dim >= 3) {\n            sZ = key1[2];\n            eZ = sub(key2[2], key1[2]);\n        }\n    }\n    if (time < key1.time || time > key2.time) {\n        return value;\n    } else {\n        val1 = easeandwizz_outExpo(t, sX, eX, d, a, p, s);\n        switch (dim) {\n        case 1:\n            return val1;\n            break;\n        case 2:\n            val2 = easeandwizz_outExpo(t, sY, eY, d, a, p, s);\n            return [\n                val1,\n                val2\n            ];\n            break;\n        case 3:\n            val2 = easeandwizz_outExpo(t, sY, eY, d, a, p, s);\n            val3 = easeandwizz_outExpo(t, sZ, eZ, d, a, p, s);\n            return [\n                val1,\n                val2,\n                val3\n            ];\n            break;\n        default:\n            return null;\n        }\n    }\n}\n$bm_rt = easeAndWizz() || value;"},"a":{"a":0,"k":[25,25,0],"ix":1},"s":{"a":0,"k":[100,100,100],"ix":6}},"ao":0,"sw":50,"sh":50,"sc":"#ffffff","ip":0,"op":384,"st":0,"bm":0},{"ddd":0,"ind":10,"ty":4,"nm":"glow left","parent":8,"sr":1,"ks":{"o":{"a":0,"k":100,"ix":11},"r":{"a":0,"k":0,"ix":10},"p":{"a":0,"k":[-5.261,32.028,0],"ix":2,"x":"var $bm_rt;\nvar layer;\nlayer = thisComp.layer('face');\n$bm_rt = layer.toComp([\n    -5,\n    35,\n    5\n]);"},"a":{"a":0,"k":[170.239,212.528,0],"ix":1},"s":{"a":0,"k":[100,100,100],"ix":6}},"ao":0,"shapes":[{"ty":"gr","it":[{"ind":0,"ty":"sh","ix":1,"ks":{"a":0,"k":{"i":[[0,-3.049],[1.742,0],[0,3.049],[-1.742,0]],"o":[[0,3.049],[-1.742,0],[0,-3.049],[1.742,0]],"v":[[3.154,0],[0,5.52],[-3.155,0],[0,-5.52]],"c":true},"ix":2},"nm":"Path 1","mn":"ADBE Vector Shape - Group","hd":false},{"ty":"fl","c":{"a":0,"k":[1,1,1,1],"ix":4},"o":{"a":0,"k":100,"ix":5},"r":1,"nm":"Fill 1","mn":"ADBE Vector Graphic - Fill","hd":false},{"ty":"tr","p":{"a":0,"k":[170.239,212.528],"ix":2},"a":{"a":0,"k":[0,0],"ix":1},"s":{"a":0,"k":[100,100],"ix":3},"r":{"a":0,"k":0,"ix":6},"o":{"a":0,"k":100,"ix":7},"sk":{"a":0,"k":0,"ix":4},"sa":{"a":0,"k":0,"ix":5},"nm":"Transform"}],"nm":"Group 1","np":2,"cix":2,"ix":1,"mn":"ADBE Vector Group","hd":false}],"ip":0,"op":375,"st":0,"bm":0},{"ddd":0,"ind":11,"ty":4,"nm":"eye left","parent":7,"sr":1,"ks":{"o":{"a":0,"k":100,"ix":11},"r":{"a":0,"k":0,"ix":10},"p":{"a":0,"k":[-8.415,25.72,0],"ix":2,"x":"var $bm_rt;\nvar layer;\nlayer = thisComp.layer('face');\n$bm_rt = layer.toComp([\n    -8,\n    28,\n    5\n]);"},"a":{"a":0,"k":[167.085,206.22,0],"ix":1},"s":{"a":0,"k":[100,100,100],"ix":6}},"ao":0,"shapes":[{"ty":"gr","it":[{"ind":0,"ty":"sh","ix":1,"ks":{"a":0,"k":{"i":[[0,-9.146],[6.097,0],[0,9.146],[-6.097,0]],"o":[[0,9.146],[-6.097,0],[0,-9.146],[6.097,0]],"v":[[11.04,0],[0,16.56],[-11.04,0],[0,-16.56]],"c":true},"ix":2},"nm":"Path 1","mn":"ADBE Vector Shape - Group","hd":false},{"ty":"fl","c":{"a":0,"k":[0.20800000359,0.20800000359,0.20800000359,1],"ix":4},"o":{"a":0,"k":100,"ix":5},"r":1,"nm":"Fill 1","mn":"ADBE Vector Graphic - Fill","hd":false},{"ty":"tr","p":{"a":0,"k":[167.085,206.22],"ix":2},"a":{"a":0,"k":[0,0],"ix":1},"s":{"a":0,"k":[100,100],"ix":3},"r":{"a":0,"k":0,"ix":6},"o":{"a":0,"k":100,"ix":7},"sk":{"a":0,"k":0,"ix":4},"sa":{"a":0,"k":0,"ix":5},"nm":"Transform"}],"nm":"Group 1","np":2,"cix":2,"ix":1,"mn":"ADBE Vector Group","hd":false}],"ip":0,"op":375,"st":0,"bm":0},{"ddd":0,"ind":12,"ty":4,"nm":"glow right","parent":8,"sr":1,"ks":{"o":{"a":0,"k":100,"ix":11},"r":{"a":0,"k":0,"ix":10},"p":{"a":0,"k":[59.4,32.028,0],"ix":2,"x":"var $bm_rt;\nvar layer;\nlayer = thisComp.layer('face');\n$bm_rt = layer.toComp([\n    60,\n    35,\n    5\n]);"},"a":{"a":0,"k":[234.9,212.528,0],"ix":1},"s":{"a":0,"k":[100,100,100],"ix":6}},"ao":0,"shapes":[{"ty":"gr","it":[{"ind":0,"ty":"sh","ix":1,"ks":{"a":0,"k":{"i":[[0,-3.049],[1.742,0],[0,3.049],[-1.742,0]],"o":[[0,3.049],[-1.742,0],[0,-3.049],[1.742,0]],"v":[[3.154,0],[0,5.52],[-3.155,0],[0,-5.52]],"c":true},"ix":2},"nm":"Path 1","mn":"ADBE Vector Shape - Group","hd":false},{"ty":"fl","c":{"a":0,"k":[1,1,1,1],"ix":4},"o":{"a":0,"k":100,"ix":5},"r":1,"nm":"Fill 1","mn":"ADBE Vector Graphic - Fill","hd":false},{"ty":"tr","p":{"a":0,"k":[234.9,212.528],"ix":2},"a":{"a":0,"k":[0,0],"ix":1},"s":{"a":0,"k":[100,100],"ix":3},"r":{"a":0,"k":0,"ix":6},"o":{"a":0,"k":100,"ix":7},"sk":{"a":0,"k":0,"ix":4},"sa":{"a":0,"k":0,"ix":5},"nm":"Transform"}],"nm":"Group 1","np":2,"cix":2,"ix":1,"mn":"ADBE Vector Group","hd":false}],"ip":0,"op":375,"st":0,"bm":0},{"ddd":0,"ind":13,"ty":4,"nm":"eye right","parent":7,"sr":1,"ks":{"o":{"a":0,"k":100,"ix":11},"r":{"a":0,"k":0,"ix":10},"p":{"a":0,"k":[56.247,25.72,0],"ix":2,"x":"var $bm_rt;\nvar layer;\nlayer = thisComp.layer('face');\n$bm_rt = layer.toComp([\n    58,\n    28,\n    5\n]);"},"a":{"a":0,"k":[231.747,206.22,0],"ix":1},"s":{"a":0,"k":[100,100,100],"ix":6}},"ao":0,"shapes":[{"ty":"gr","it":[{"ind":0,"ty":"sh","ix":1,"ks":{"a":0,"k":{"i":[[0,-9.146],[6.098,0],[0,9.146],[-6.097,0]],"o":[[0,9.146],[-6.097,0],[0,-9.146],[6.098,0]],"v":[[11.04,0],[-0.001,16.56],[-11.04,0],[-0.001,-16.56]],"c":true},"ix":2},"nm":"Path 1","mn":"ADBE Vector Shape - Group","hd":false},{"ty":"fl","c":{"a":0,"k":[0.20800000359,0.20800000359,0.20800000359,1],"ix":4},"o":{"a":0,"k":100,"ix":5},"r":1,"nm":"Fill 1","mn":"ADBE Vector Graphic - Fill","hd":false},{"ty":"tr","p":{"a":0,"k":[231.747,206.22],"ix":2},"a":{"a":0,"k":[0,0],"ix":1},"s":{"a":0,"k":[100,100],"ix":3},"r":{"a":0,"k":0,"ix":6},"o":{"a":0,"k":100,"ix":7},"sk":{"a":0,"k":0,"ix":4},"sa":{"a":0,"k":0,"ix":5},"nm":"Transform"}],"nm":"Group 1","np":2,"cix":2,"ix":1,"mn":"ADBE Vector Group","hd":false}],"ip":0,"op":375,"st":0,"bm":0},{"ddd":0,"ind":14,"ty":1,"nm":"mouth position expression","parent":6,"sr":1,"ks":{"o":{"a":0,"k":0,"ix":11},"r":{"a":0,"k":0,"ix":10},"p":{"a":0,"k":[25,25,0],"ix":2,"x":"var $bm_rt;\nvar layer;\nlayer = thisComp.layer('face');\n$bm_rt = layer.toComp([\n    25,\n    28,\n    0\n]);"},"a":{"a":0,"k":[25,25,0],"ix":1},"s":{"a":0,"k":[100,100,100],"ix":6}},"ao":0,"sw":50,"sh":50,"sc":"#ffffff","ip":0,"op":384,"st":0,"bm":0},{"ddd":0,"ind":15,"ty":4,"nm":"mouth","parent":14,"sr":1,"ks":{"o":{"a":0,"k":100,"ix":11},"r":{"a":0,"k":0,"ix":10},"p":{"a":0,"k":[25.007,54.891,0],"ix":2},"a":{"a":0,"k":[200.204,273.247,0],"ix":1},"s":{"a":0,"k":[100,100,100],"ix":6}},"ao":0,"shapes":[{"ty":"gr","it":[{"ind":0,"ty":"sh","ix":1,"ks":{"a":1,"k":[{"i":{"x":0.833,"y":0.833},"o":{"x":0.167,"y":0.167},"n":"0p833_0p833_0p167_0p167","t":30,"s":[{"i":[[12.789,-0.032],[1.474,0.702],[-4.318,-1.495],[-8.535,2.021],[0,0]],"o":[[-5.744,0.015],[-1.705,-0.813],[6.569,2.275],[2.476,-0.586],[0,0]],"v":[[-1.969,4.855],[-10.201,3.659],[-9.331,1.453],[11.992,1.579],[15.908,-0.149]],"c":true}],"e":[{"i":[[5.548,0.019],[1.628,0.126],[-3.104,0.138],[-3.303,-0.364],[0,0]],"o":[[-4.091,-0.014],[-4.11,-0.319],[1.644,-0.073],[2.53,0.279],[0,0]],"v":[[1.406,5.98],[-2.326,5.659],[-0.956,3.203],[3.867,3.329],[7.533,4.726]],"c":true}]},{"i":{"x":0.833,"y":0.833},"o":{"x":0.167,"y":0.167},"n":"0p833_0p833_0p167_0p167","t":37,"s":[{"i":[[5.548,0.019],[1.628,0.126],[-3.104,0.138],[-3.303,-0.364],[0,0]],"o":[[-4.091,-0.014],[-4.11,-0.319],[1.644,-0.073],[2.53,0.279],[0,0]],"v":[[1.406,5.98],[-2.326,5.659],[-0.956,3.203],[3.867,3.329],[7.533,4.726]],"c":true}],"e":[{"i":[[5.548,0.019],[1.628,0.126],[-3.104,0.138],[-3.303,-0.364],[0,0]],"o":[[-4.091,-0.014],[-4.11,-0.319],[1.644,-0.073],[2.53,0.279],[0,0]],"v":[[1.406,5.98],[-2.326,5.659],[-0.956,3.203],[3.867,3.329],[7.533,4.726]],"c":true}]},{"i":{"x":0.667,"y":1},"o":{"x":0.167,"y":0.167},"n":"0p667_1_0p167_0p167","t":149,"s":[{"i":[[5.548,0.019],[1.628,0.126],[-3.104,0.138],[-3.303,-0.364],[0,0]],"o":[[-4.091,-0.014],[-4.11,-0.319],[1.644,-0.073],[2.53,0.279],[0,0]],"v":[[1.406,5.98],[-2.326,5.659],[-0.956,3.203],[3.867,3.329],[7.533,4.726]],"c":true}],"e":[{"i":[[12.789,-0.032],[1.474,0.702],[-4.318,-1.495],[-8.535,2.021],[0,0]],"o":[[-5.744,0.015],[-1.705,-0.813],[6.569,2.275],[2.476,-0.586],[0,0]],"v":[[-1.969,4.855],[-10.201,3.659],[-9.331,1.453],[11.992,1.579],[15.908,-0.149]],"c":true}]},{"i":{"x":0.833,"y":0.833},"o":{"x":0.167,"y":0.167},"n":"0p833_0p833_0p167_0p167","t":175,"s":[{"i":[[12.789,-0.032],[1.474,0.702],[-4.318,-1.495],[-8.535,2.021],[0,0]],"o":[[-5.744,0.015],[-1.705,-0.813],[6.569,2.275],[2.476,-0.586],[0,0]],"v":[[-1.969,4.855],[-10.201,3.659],[-9.331,1.453],[11.992,1.579],[15.908,-0.149]],"c":true}],"e":[{"i":[[12.789,-0.032],[1.474,0.702],[-4.318,-1.495],[-8.535,2.021],[0,0]],"o":[[-5.744,0.015],[-1.705,-0.813],[6.569,2.275],[2.476,-0.586],[0,0]],"v":[[-1.969,4.855],[-10.201,3.659],[-9.331,1.453],[11.992,1.579],[15.908,-0.149]],"c":true}]},{"i":{"x":0.833,"y":0.833},"o":{"x":0.167,"y":0.167},"n":"0p833_0p833_0p167_0p167","t":242,"s":[{"i":[[12.789,-0.032],[1.474,0.702],[-4.318,-1.495],[-8.535,2.021],[0,0]],"o":[[-5.744,0.015],[-1.705,-0.813],[6.569,2.275],[2.476,-0.586],[0,0]],"v":[[-1.969,4.855],[-10.201,3.659],[-9.331,1.453],[11.992,1.579],[15.908,-0.149]],"c":true}],"e":[{"i":[[22.987,-0.009],[0.417,3.879],[-3.878,-0.423],[-2.414,0.571],[0,-4.238]],"o":[[-20.995,0.004],[-0.482,-3.91],[1.858,0.643],[3.358,-0.166],[0,4.238]],"v":[[-0.557,12.684],[-27.769,-5.465],[-22.712,-10.9],[23.465,-10.864],[29.383,-6.542]],"c":true}]},{"t":252}],"ix":2,"x":"var $bm_rt;\nvar p = 0.81;\nvar a = 50;\nvar s = 1.70158;\nfunction easeandwizz_outExpo(t, b, c, d) {\n    var OUT_EXPO_CORRECTION = 1.000976;\n    return t == d ? b + c : c * OUT_EXPO_CORRECTION * (-Math.pow(2, -10 * t / d) + 1) + b;\n}\nfunction easeAndWizz() {\n    var t, d, sX, eX;\n    var n = 0;\n    if (numKeys > 0) {\n        n = nearestKey(time).index;\n        if (key(n).time > time) {\n            n--;\n        }\n    }\n    if (n > 1 && n < numKeys - 1) {\n        return null;\n    }\n    try {\n        var key1 = key(n);\n        var key2 = key(sum(n, 1));\n    } catch (e) {\n        return null;\n    }\n    t = sub(time, key1.time);\n    d = sub(key2.time, key1.time);\n    sX = key1.time;\n    eX = sub(key2.time, key1.time);\n    if (time < key1.time || time > key2.time) {\n        return null;\n    } else {\n        return valueAtTime(easeandwizz_outExpo(t, sX, eX, d));\n    }\n}\n$bm_rt = easeAndWizz() || value;"},"nm":"Path 1","mn":"ADBE Vector Shape - Group","hd":false},{"ty":"st","c":{"a":0,"k":[1,1,1,1],"ix":3},"o":{"a":0,"k":100,"ix":4},"w":{"a":0,"k":2,"ix":5},"lc":1,"lj":1,"ml":4,"nm":"Stroke 1","mn":"ADBE Vector Graphic - Stroke","hd":false},{"ty":"fl","c":{"a":0,"k":[1,1,1,1],"ix":4},"o":{"a":0,"k":100,"ix":5},"r":1,"nm":"Fill 1","mn":"ADBE Vector Graphic - Fill","hd":false},{"ty":"tr","p":{"a":0,"k":[200.204,273.247],"ix":2},"a":{"a":0,"k":[0,0],"ix":1},"s":{"a":0,"k":[100,100],"ix":3},"r":{"a":0,"k":0,"ix":6},"o":{"a":0,"k":100,"ix":7},"sk":{"a":0,"k":0,"ix":4},"sa":{"a":0,"k":0,"ix":5},"nm":"Transform"}],"nm":"mouth","np":3,"cix":2,"ix":1,"mn":"ADBE Vector Group","hd":false}],"ip":-1,"op":374,"st":-1,"bm":0},{"ddd":0,"ind":16,"ty":4,"nm":"nose","parent":6,"sr":1,"ks":{"o":{"a":0,"k":100,"ix":11},"r":{"a":0,"k":0,"ix":10},"p":{"a":0,"k":[25.796,23.349,0],"ix":2,"x":"var $bm_rt;\nvar layer;\nlayer = thisComp.layer('face');\n$bm_rt = layer.toComp([\n    25,\n    28,\n    0\n]);"},"a":{"a":0,"k":[200.993,241.705,0],"ix":1},"s":{"a":0,"k":[100,100,100],"ix":6}},"ao":0,"shapes":[{"ty":"gr","it":[{"ind":0,"ty":"sh","ix":1,"ks":{"a":0,"k":{"i":[[0,-1.742],[1.742,0],[0,1.741],[-1.742,0]],"o":[[0,1.741],[-1.742,0],[0,-1.742],[1.742,0]],"v":[[3.154,0],[0,3.154],[-3.155,0],[0,-3.154]],"c":true},"ix":2},"nm":"Path 1","mn":"ADBE Vector Shape - Group","hd":false},{"ty":"fl","c":{"a":0,"k":[0.20800000359,0.20800000359,0.20800000359,1],"ix":4},"o":{"a":0,"k":100,"ix":5},"r":1,"nm":"Fill 1","mn":"ADBE Vector Graphic - Fill","hd":false},{"ty":"tr","p":{"a":0,"k":[209.667,241.705],"ix":2},"a":{"a":0,"k":[0,0],"ix":1},"s":{"a":0,"k":[100,100],"ix":3},"r":{"a":0,"k":0,"ix":6},"o":{"a":0,"k":100,"ix":7},"sk":{"a":0,"k":0,"ix":4},"sa":{"a":0,"k":0,"ix":5},"nm":"Transform"}],"nm":"Group 1","np":2,"cix":2,"ix":1,"mn":"ADBE Vector Group","hd":false},{"ty":"gr","it":[{"ind":0,"ty":"sh","ix":1,"ks":{"a":0,"k":{"i":[[0,-1.742],[1.741,0],[0,1.741],[-1.742,0]],"o":[[0,1.741],[-1.742,0],[0,-1.742],[1.741,0]],"v":[[3.154,0],[0,3.154],[-3.155,0],[0,-3.154]],"c":true},"ix":2},"nm":"Path 1","mn":"ADBE Vector Shape - Group","hd":false},{"ty":"fl","c":{"a":0,"k":[0.20800000359,0.20800000359,0.20800000359,1],"ix":4},"o":{"a":0,"k":100,"ix":5},"r":1,"nm":"Fill 1","mn":"ADBE Vector Graphic - Fill","hd":false},{"ty":"tr","p":{"a":0,"k":[192.319,241.705],"ix":2},"a":{"a":0,"k":[0,0],"ix":1},"s":{"a":0,"k":[100,100],"ix":3},"r":{"a":0,"k":0,"ix":6},"o":{"a":0,"k":100,"ix":7},"sk":{"a":0,"k":0,"ix":4},"sa":{"a":0,"k":0,"ix":5},"nm":"Transform"}],"nm":"Group 2","np":2,"cix":2,"ix":2,"mn":"ADBE Vector Group","hd":false}],"ip":0,"op":375,"st":0,"bm":0},{"ddd":0,"ind":17,"ty":4,"nm":"face","parent":18,"sr":1,"ks":{"o":{"a":0,"k":100,"ix":11},"r":{"a":0,"k":0,"ix":10},"p":{"a":0,"k":[200.993,234.713,0],"ix":2,"x":"var $bm_rt;\nvar layer;\nlayer = thisComp.layer('MAIN');\n$bm_rt = layer.toComp([\n    24,\n    16,\n    0\n]);"},"a":{"a":0,"k":[200.993,234.713,0],"ix":1},"s":{"a":0,"k":[100,100,100],"ix":6}},"ao":0,"shapes":[{"ty":"gr","it":[{"ind":0,"ty":"sh","ix":1,"ks":{"a":0,"k":{"i":[[0,12.52],[22.965,0],[7.583,-10.147],[13.641,0],[0,-22.965],[-8.754,-7.623],[0,-8.983],[-38.759,0],[0,27.001],[6.069,7.234]],"o":[[0,-22.965],[-13.642,0],[-7.582,-10.147],[-22.965,0],[0,12.52],[-6.069,7.234],[0,27.001],[38.761,0],[0,-8.983],[8.754,-7.623]],"v":[[74.913,-31.648],[33.331,-73.23],[-0.001,-56.514],[-33.33,-73.23],[-74.912,-31.648],[-60.618,-0.288],[-70.181,24.339],[-0.001,73.23],[70.181,24.339],[60.618,-0.288]],"c":true},"ix":2},"nm":"Path 1","mn":"ADBE Vector Shape - Group","hd":false},{"ty":"fl","c":{"a":0,"k":[0.936999990426,0.795999983245,0.647000002394,1],"ix":4},"o":{"a":0,"k":100,"ix":5},"r":1,"nm":"Fill 1","mn":"ADBE Vector Graphic - Fill","hd":false},{"ty":"tr","p":{"a":0,"k":[200.993,234.713],"ix":2},"a":{"a":0,"k":[0,0],"ix":1},"s":{"a":0,"k":[100,100],"ix":3},"r":{"a":0,"k":0,"ix":6},"o":{"a":0,"k":100,"ix":7},"sk":{"a":0,"k":0,"ix":4},"sa":{"a":0,"k":0,"ix":5},"nm":"Transform"}],"nm":"Group 1","np":2,"cix":2,"ix":1,"mn":"ADBE Vector Group","hd":false}],"ip":0,"op":375,"st":0,"bm":0},{"ddd":0,"ind":18,"ty":4,"nm":"head","parent":6,"sr":1,"ks":{"o":{"a":0,"k":100,"ix":11},"r":{"a":0,"k":0,"ix":10},"p":{"a":0,"k":[24.704,-12.357,0],"ix":2,"x":"var $bm_rt;\nvar layer;\nlayer = thisComp.layer('MAIN');\n$bm_rt = layer.toComp([\n    -150,\n    -230,\n    0\n]);"},"a":{"a":0,"k":[200.204,204.643,0],"ix":1},"s":{"a":0,"k":[100,100,100],"ix":6}},"ao":0,"shapes":[{"ty":"gr","it":[{"ind":0,"ty":"sh","ix":1,"ks":{"a":0,"k":{"i":[[0,14.191],[53.132,0],[0,-53.131],[-5.516,-12.126],[0,-10.002],[-53.132,0],[0,37.455],[5.516,8.549]],"o":[[0,-53.131],[-53.132,0],[0,14.191],[-5.516,8.549],[0,37.455],[53.132,0],[0,-10.002],[5.516,-12.126]],"v":[[96.203,-19.714],[0,-115.917],[-96.203,-19.714],[-87.59,20.062],[-96.203,48.101],[0,115.917],[96.203,48.101],[87.59,20.062]],"c":true},"ix":2},"nm":"Path 1","mn":"ADBE Vector Shape - Group","hd":false},{"ty":"fl","c":{"a":0,"k":[0.57599995931,0.344999994016,0.13300000359,1],"ix":4},"o":{"a":0,"k":100,"ix":5},"r":1,"nm":"Fill 1","mn":"ADBE Vector Graphic - Fill","hd":false},{"ty":"tr","p":{"a":0,"k":[200.204,204.643],"ix":2},"a":{"a":0,"k":[0,0],"ix":1},"s":{"a":0,"k":[100,100],"ix":3},"r":{"a":0,"k":0,"ix":6},"o":{"a":0,"k":100,"ix":7},"sk":{"a":0,"k":0,"ix":4},"sa":{"a":0,"k":0,"ix":5},"nm":"Transform"}],"nm":"Group 1","np":2,"cix":2,"ix":1,"mn":"ADBE Vector Group","hd":false}],"ip":0,"op":375,"st":0,"bm":0},{"ddd":0,"ind":19,"ty":4,"nm":"ear left 02","parent":20,"sr":1,"ks":{"o":{"a":0,"k":100,"ix":11},"r":{"a":0,"k":0,"ix":10},"p":{"a":0,"k":[122.138,171.523,0],"ix":2},"a":{"a":0,"k":[122.138,171.523,0],"ix":1},"s":{"a":0,"k":[100,100,100],"ix":6}},"ao":0,"shapes":[{"ty":"gr","it":[{"ind":0,"ty":"sh","ix":1,"ks":{"a":0,"k":{"i":[[0,-19.598],[18.727,0],[0,19.598],[-18.727,0]],"o":[[0,19.598],[-18.727,0],[0,-19.598],[18.727,0]],"v":[[33.908,0],[-0.001,35.485],[-33.908,0],[-0.001,-35.485]],"c":true},"ix":2},"nm":"Path 1","mn":"ADBE Vector Shape - Group","hd":false},{"ty":"fl","c":{"a":0,"k":[0.936999990426,0.795999983245,0.647000002394,1],"ix":4},"o":{"a":0,"k":100,"ix":5},"r":1,"nm":"Fill 1","mn":"ADBE Vector Graphic - Fill","hd":false},{"ty":"tr","p":{"a":0,"k":[122.138,171.523],"ix":2},"a":{"a":0,"k":[0,0],"ix":1},"s":{"a":0,"k":[100,100],"ix":3},"r":{"a":0,"k":0,"ix":6},"o":{"a":0,"k":100,"ix":7},"sk":{"a":0,"k":0,"ix":4},"sa":{"a":0,"k":0,"ix":5},"nm":"Transform"}],"nm":"Group 1","np":2,"cix":2,"ix":1,"mn":"ADBE Vector Group","hd":false}],"ip":0,"op":375,"st":0,"bm":0},{"ddd":0,"ind":20,"ty":4,"nm":"ear left 01","parent":9,"sr":1,"ks":{"o":{"a":0,"k":100,"ix":11},"r":{"a":0,"k":0,"ix":10},"p":{"a":0,"k":[-47.842,-9.765,0],"ix":2},"a":{"a":0,"k":[127.658,170.735,0],"ix":1},"s":{"a":0,"k":[100,100,100],"ix":6}},"ao":0,"shapes":[{"ty":"gr","it":[{"ind":0,"ty":"sh","ix":1,"ks":{"a":0,"k":{"i":[[0,-27.872],[27.873,0],[0,27.873],[-27.872,0]],"o":[[0,27.873],[-27.872,0],[0,-27.872],[27.873,0]],"v":[[50.467,0],[-0.001,50.467],[-50.467,0],[-0.001,-50.467]],"c":true},"ix":2},"nm":"Path 1","mn":"ADBE Vector Shape - Group","hd":false},{"ty":"fl","c":{"a":0,"k":[0.57599995931,0.344999994016,0.13300000359,1],"ix":4},"o":{"a":0,"k":100,"ix":5},"r":1,"nm":"Fill 1","mn":"ADBE Vector Graphic - Fill","hd":false},{"ty":"tr","p":{"a":0,"k":[127.658,170.735],"ix":2},"a":{"a":0,"k":[0,0],"ix":1},"s":{"a":0,"k":[100,100],"ix":3},"r":{"a":0,"k":0,"ix":6},"o":{"a":0,"k":100,"ix":7},"sk":{"a":0,"k":0,"ix":4},"sa":{"a":0,"k":0,"ix":5},"nm":"Transform"}],"nm":"Group 1","np":2,"cix":2,"ix":1,"mn":"ADBE Vector Group","hd":false}],"ip":0,"op":375,"st":0,"bm":0},{"ddd":0,"ind":21,"ty":4,"nm":"ear right 02","parent":22,"sr":1,"ks":{"o":{"a":0,"k":100,"ix":11},"r":{"a":0,"k":0,"ix":10},"p":{"a":0,"k":[278.271,171.773,0],"ix":2},"a":{"a":0,"k":[278.271,171.523,0],"ix":1},"s":{"a":0,"k":[100,100,100],"ix":6}},"ao":0,"shapes":[{"ty":"gr","it":[{"ind":0,"ty":"sh","ix":1,"ks":{"a":0,"k":{"i":[[0,-19.598],[18.727,0],[0,19.598],[-18.727,0]],"o":[[0,19.598],[-18.727,0],[0,-19.598],[18.727,0]],"v":[[33.908,0],[-0.001,35.485],[-33.908,0],[-0.001,-35.485]],"c":true},"ix":2},"nm":"Path 1","mn":"ADBE Vector Shape - Group","hd":false},{"ty":"fl","c":{"a":0,"k":[0.936999990426,0.795999983245,0.647000002394,1],"ix":4},"o":{"a":0,"k":100,"ix":5},"r":1,"nm":"Fill 1","mn":"ADBE Vector Graphic - Fill","hd":false},{"ty":"tr","p":{"a":0,"k":[278.271,171.523],"ix":2},"a":{"a":0,"k":[0,0],"ix":1},"s":{"a":0,"k":[100,100],"ix":3},"r":{"a":0,"k":0,"ix":6},"o":{"a":0,"k":100,"ix":7},"sk":{"a":0,"k":0,"ix":4},"sa":{"a":0,"k":0,"ix":5},"nm":"Transform"}],"nm":"Group 1","np":2,"cix":2,"ix":1,"mn":"ADBE Vector Group","hd":false}],"ip":0,"op":375,"st":0,"bm":0},{"ddd":0,"ind":22,"ty":4,"nm":"ear right 01","parent":9,"sr":1,"ks":{"o":{"a":0,"k":100,"ix":11},"r":{"a":0,"k":0,"ix":10},"p":{"a":0,"k":[95.674,-9.765,0],"ix":2},"a":{"a":0,"k":[271.174,170.735,0],"ix":1},"s":{"a":0,"k":[100,100,100],"ix":6}},"ao":0,"shapes":[{"ty":"gr","it":[{"ind":0,"ty":"sh","ix":1,"ks":{"a":0,"k":{"i":[[0,-27.872],[27.872,0],[0,27.873],[-27.872,0]],"o":[[0,27.873],[-27.872,0],[0,-27.872],[27.872,0]],"v":[[50.467,0],[-0.001,50.467],[-50.467,0],[-0.001,-50.467]],"c":true},"ix":2},"nm":"Path 1","mn":"ADBE Vector Shape - Group","hd":false},{"ty":"fl","c":{"a":0,"k":[0.57599995931,0.344999994016,0.13300000359,1],"ix":4},"o":{"a":0,"k":100,"ix":5},"r":1,"nm":"Fill 1","mn":"ADBE Vector Graphic - Fill","hd":false},{"ty":"tr","p":{"a":0,"k":[271.174,170.735],"ix":2},"a":{"a":0,"k":[0,0],"ix":1},"s":{"a":0,"k":[100,100],"ix":3},"r":{"a":0,"k":0,"ix":6},"o":{"a":0,"k":100,"ix":7},"sk":{"a":0,"k":0,"ix":4},"sa":{"a":0,"k":0,"ix":5},"nm":"Transform"}],"nm":"Group 1","np":2,"cix":2,"ix":1,"mn":"ADBE Vector Group","hd":false}],"ip":0,"op":375,"st":0,"bm":0},{"ddd":0,"ind":23,"ty":4,"nm":"Background 5","td":1,"sr":1,"ks":{"o":{"a":0,"k":100,"ix":11},"r":{"a":0,"k":0,"ix":10},"p":{"a":0,"k":[199.944,199.912,0],"ix":2},"a":{"a":0,"k":[199.944,199.912,0],"ix":1},"s":{"a":0,"k":[90,90,100],"ix":6}},"ao":0,"shapes":[{"ty":"gr","it":[{"ind":0,"ty":"sh","ix":1,"ks":{"a":0,"k":{"i":[[0,-93.634],[93.634,0],[0,93.633],[-93.634,0]],"o":[[0,93.633],[-93.634,0],[0,-93.634],[93.634,0]],"v":[[169.539,0],[0,169.539],[-169.539,0],[0,-169.539]],"c":true},"ix":2},"nm":"Path 1","mn":"ADBE Vector Shape - Group","hd":false},{"ty":"fl","c":{"a":0,"k":[0.929000016755,0.929000016755,0.929000016755,1],"ix":4},"o":{"a":0,"k":100,"ix":5},"r":1,"nm":"Fill 1","mn":"ADBE Vector Graphic - Fill","hd":false},{"ty":"tr","p":{"a":0,"k":[199.944,199.912],"ix":2},"a":{"a":0,"k":[0,0],"ix":1},"s":{"a":0,"k":[100,100],"ix":3},"r":{"a":0,"k":0,"ix":6},"o":{"a":0,"k":100,"ix":7},"sk":{"a":0,"k":0,"ix":4},"sa":{"a":0,"k":0,"ix":5},"nm":"Transform"}],"nm":"Group 1","np":2,"cix":2,"ix":1,"mn":"ADBE Vector Group","hd":false}],"ip":0,"op":375,"st":0,"bm":0},{"ddd":0,"ind":24,"ty":4,"nm":"body","tt":1,"sr":1,"ks":{"o":{"a":0,"k":100,"ix":11},"r":{"a":0,"k":0,"ix":10},"p":{"a":0,"k":[199.477,334.417,0],"ix":2},"a":{"a":0,"k":[199.477,334.417,0],"ix":1},"s":{"a":0,"k":[100,100,100],"ix":6}},"ao":0,"shapes":[{"ty":"gr","it":[{"ind":0,"ty":"sh","ix":1,"ks":{"a":0,"k":{"i":[[37.921,0],[7.755,-28.677],[-27.926,0],[-23.018,11.525]],"o":[[-37.732,0],[23.228,11.794],[27.583,0],[-7.552,-28.893]],"v":[[-0.061,-34.302],[-77.072,15.847],[0.429,34.302],[77.072,16.277]],"c":true},"ix":2},"nm":"Path 1","mn":"ADBE Vector Shape - Group","hd":false},{"ty":"fl","c":{"a":0,"k":[0.57599995931,0.344999994016,0.13300000359,1],"ix":4},"o":{"a":0,"k":100,"ix":5},"r":1,"nm":"Fill 1","mn":"ADBE Vector Graphic - Fill","hd":false},{"ty":"tr","p":{"a":0,"k":[199.477,334.417],"ix":2},"a":{"a":0,"k":[0,0],"ix":1},"s":{"a":0,"k":[100,100],"ix":3},"r":{"a":0,"k":0,"ix":6},"o":{"a":0,"k":100,"ix":7},"sk":{"a":0,"k":0,"ix":4},"sa":{"a":0,"k":0,"ix":5},"nm":"Transform"}],"nm":"Group 1","np":2,"cix":2,"ix":1,"mn":"ADBE Vector Group","hd":false}],"ip":0,"op":375,"st":0,"bm":0},{"ddd":0,"ind":25,"ty":4,"nm":"Background","sr":1,"ks":{"o":{"a":0,"k":100,"ix":11},"r":{"a":0,"k":0,"ix":10},"p":{"a":0,"k":[199.944,199.912,0],"ix":2},"a":{"a":0,"k":[199.944,199.912,0],"ix":1},"s":{"a":0,"k":[90,90,100],"ix":6}},"ao":0,"shapes":[{"ty":"gr","it":[{"ind":0,"ty":"sh","ix":1,"ks":{"a":0,"k":{"i":[[0,-93.634],[93.634,0],[0,93.633],[-93.634,0]],"o":[[0,93.633],[-93.634,0],[0,-93.634],[93.634,0]],"v":[[169.539,0],[0,169.539],[-169.539,0],[0,-169.539]],"c":true},"ix":2},"nm":"Path 1","mn":"ADBE Vector Shape - Group","hd":false},{"ty":"fl","c":{"a":0,"k":[0.929000016755,0.929000016755,0.929000016755,1],"ix":4},"o":{"a":0,"k":100,"ix":5},"r":1,"nm":"Fill 1","mn":"ADBE Vector Graphic - Fill","hd":false},{"ty":"tr","p":{"a":0,"k":[199.944,199.912],"ix":2},"a":{"a":0,"k":[0,0],"ix":1},"s":{"a":0,"k":[100,100],"ix":3},"r":{"a":0,"k":0,"ix":6},"o":{"a":0,"k":100,"ix":7},"sk":{"a":0,"k":0,"ix":4},"sa":{"a":0,"k":0,"ix":5},"nm":"Transform"}],"nm":"Group 1","np":2,"cix":2,"ix":1,"mn":"ADBE Vector Group","hd":false}],"ip":0,"op":375,"st":0,"bm":0},{"ddd":0,"ind":26,"ty":1,"nm":"background","sr":1,"ks":{"o":{"a":0,"k":100,"ix":11},"r":{"a":0,"k":0,"ix":10},"p":{"a":0,"k":[200,200,0],"ix":2},"a":{"a":0,"k":[200,200,0],"ix":1},"s":{"a":0,"k":[100,100,100],"ix":6}},"ao":0,"sw":400,"sh":400,"sc":"#ffffff","ip":0,"op":381,"st":0,"bm":0}],"markers":[]}